scenario,rep,seed,run_id,throughput,rejected,ct_mean,ct_median,ct_min,ct_max,ct_std,devices_processed,wall_time_s,out_batteries,out_logic_boards,out_housings,out_modules_magnets,out_mixed_fines
base,0,42,base_rep000,326,6,12415.317735114504,12471.961996296037,217.07347109727016,24228.07271441779,6967.216099688652,327,0.28,327.0,327.0,327.0,300.0,129.68848422712057
base,1,43,base_rep001,339,16,12758.771898248939,12576.888739663915,338.00409167583416,24564.02952375653,7055.601870224799,339,0.24,339.0,339.0,339.0,302.0,134.29116016848457
high_arrivals,0,42,high_arrivals_rep000,321,17,13541.324153392137,13652.603908268396,197.08657606170095,26471.747628976394,7603.671391992374,321,0.64,321.0,321.0,321.0,282.0,125.98444436222796
high_arrivals,1,43,high_arrivals_rep001,338,12,13412.685564569514,13357.160132214125,398.24604069383395,26189.047309452675,7452.834328746862,338,0.3,338.0,338.0,338.0,302.0,135.52485151154235
