ablation_id,seed,regime,cvr,ivr,dfr,tp,ct,bt,rr,ert,ef,ie,cq,fpr,dl,sc,cl
A0,0,medium,0.0,0.0,0.0,0.063944,16.0397,0.0,0.0,0.2,0.0,1.0,0.0,0.0,1e-05,30.0,0.0
A0,1,medium,0.0,0.0,0.0,0.06176,17.1055,0.0,0.0,0.8,0.0,1.0,0.0,0.0,4e-06,30.0,0.0
A0,2,medium,0.0,0.0,0.0,0.062737,20.1602,0.0,0.0,0.2,0.0,1.0,0.0,0.0,4e-06,34.0,0.0
A4,0,medium,0.0,0.0,0.0,0.063944,16.0397,0.0,0.0,0.2,0.0,1.0,0.9375,0.0,3e-06,65.0,35.0
A4,1,medium,0.0,0.0,0.0,0.06176,17.1055,0.0,0.0,0.8,0.0,1.0,0.9375,0.0,4e-06,65.0,35.0
A4,2,medium,0.0,0.0,0.0,0.062737,20.1602,0.0,0.0,0.2,0.0,1.0,0.9375,0.0,4e-06,73.0,39.0
